{
  "calibration": {
    "brier_score": 0.048237471333969335,
    "ece": 0.045921486494275854,
    "reliability_curve": [
      [
        0.007653061224489796,
        0.08928571428571429,
        0.21739130434782608,
        0.5,
        0.2,
        0.3076923076923077,
        0.6666666666666666,
        0.6956521739130435,
        0.9577464788732394
      ],
      [
        0.031176301505619525,
        0.14448239457767675,
        0.2452943157983495,
        0.35096801992965454,
        0.45347190731403797,
        0.5443309285241623,
        0.6687836641807453,
        0.7611429109246448,
        0.8515811131012662
      ],
      [
        392,
        56,
        23,
        8,
        5,
        13,
        9,
        23,
        71
      ]
    ]
  },
  "failure": {
    "misclassification_summary": {
      "0": {
        "support": 488,
        "n_misclassified": 22,
        "error_rate": 0.0451,
        "avg_misclassification_confidence": 0.6622,
        "top_mistake_indices": [
          2,
          18,
          1,
          17,
          6
        ]
      },
      "1": {
        "support": 112,
        "n_misclassified": 18,
        "error_rate": 0.1607,
        "avg_misclassification_confidence": 0.7755,
        "top_mistake_indices": [
          3,
          6,
          13,
          15,
          1
        ]
      },
      "__overall__": {
        "total_errors": 40,
        "overall_error_rate": 0.0667
      }
    },
    "confidence_gap": {
      "correct_confidence_mean": 0.9205490910742363,
      "incorrect_confidence_mean": 0.7131853195600767,
      "gap": 0.2074,
      "histogram_bins": [
        0.0,
        0.05,
        0.1,
        0.15000000000000002,
        0.2,
        0.25,
        0.30000000000000004,
        0.35000000000000003,
        0.4,
        0.45,
        0.5,
        0.55,
        0.6000000000000001,
        0.65,
        0.7000000000000001,
        0.75,
        0.8,
        0.8500000000000001,
        0.9,
        0.9500000000000001,
        1.0
      ],
      "correct_hist": [
        0,
        0,
        0,
        0,
        0,
        0,
        0,
        0,
        0,
        0,
        6,
        2,
        3,
        7,
        10,
        24,
        51,
        68,
        80,
        309
      ],
      "incorrect_hist": [
        0,
        0,
        0,
        0,
        0,
        0,
        0,
        0,
        0,
        0,
        4,
        6,
        2,
        5,
        8,
        4,
        4,
        4,
        2,
        1
      ],
      "n_correct": 560,
      "n_incorrect": 40
    }
  },
  "bias": {
    "class_imbalance": {
      "class_counts": {
        "0": 488,
        "1": 112
      },
      "class_frequencies": {
        "0": 0.8133,
        "1": 0.1867
      },
      "imbalance_ratio": 4.3571,
      "minority_class": 1,
      "majority_class": 0,
      "n_classes": 2
    },
    "subgroup_performance": {
      "age_group": {
        "18-30": {
          "n_samples": 175,
          "accuracy": 0.9257,
          "f1": 0.8772
        },
        "31-50": {
          "n_samples": 218,
          "accuracy": 0.9495,
          "f1": 0.9095
        },
        "51+": {
          "n_samples": 207,
          "accuracy": 0.9227,
          "f1": 0.8864
        },
        "__summary__": {
          "performance_gap": 0.0268,
          "best_group": "31-50",
          "worst_group": "51+"
        }
      }
    }
  }
}
